Supplier_Lead_Time,Inventory_Levels,Order_Frequency,Delivery_Performance,Cost_Per_Unit
1,0.19790915,-0.855471947,-0.915546521,0.966730126
0.19790915,1,-0.223589631,-0.188056224,0.223782335
-0.855471947,-0.223589631,1,0.847088064,-0.84404916
-0.915546521,-0.188056224,0.847088064,1,-0.891538334
0.966730126,0.223782335,-0.84404916,-0.891538334,1
